{
  "mode": "baseline",
  "aggregate": {
    "P@3": 0.0,
    "nDCG@3": 0.0,
    "P@5": 0.1,
    "nDCG@5": 0.2153,
    "P@10": 0.05,
    "nDCG@10": 0.2153,
    "RAE@5": 0.0,
    "n_queries": 2
  },
  "per_query": [
    {
      "query": "What is continuous integration?",
      "metrics": {
        "P@3": 0.0,
        "nDCG@3": 0.0,
        "P@5": 0.2,
        "nDCG@5": 0.4306765580733931,
        "P@10": 0.1,
        "nDCG@10": 0.4306765580733931,
        "RAE@5": 0.0
      },
      "ranked": [
        [
          68,
          6.9027605056762695
        ],
        [
          49,
          6.717713356018066
        ],
        [
          327,
          6.717713356018066
        ],
        [
          1,
          6.717713356018066
        ],
        [
          91,
          6.717713356018066
        ]
      ]
    },
    {
      "query": "How to monitor microservices?",
      "metrics": {
        "P@3": 0.0,
        "nDCG@3": 0.0,
        "P@5": 0.0,
        "nDCG@5": 0.0,
        "P@10": 0.0,
        "nDCG@10": 0.0,
        "RAE@5": 0.0
      },
      "ranked": [
        [
          335,
          -7.788915634155273
        ],
        [
          328,
          -8.83983325958252
        ],
        [
          173,
          -8.90074348449707
        ],
        [
          27,
          -9.171403884887695
        ],
        [
          197,
          -9.191579818725586
        ]
      ]
    }
  ]
}