{
  "mode": "baseline",
  "aggregate": {
    "P@3": 0.1818,
    "nDCG@3": 0.3874,
    "P@5": 0.1273,
    "nDCG@5": 0.3939,
    "P@10": 0.0636,
    "nDCG@10": 0.3939,
    "RAE@5": 0.0,
    "n_queries": 11,
    "hallucination_rate": 0.0
  },
  "per_query": [
    {
      "query": "How do I implement continuous integration for microservices?",
      "metrics": {
        "P@3": 0.3333333333333333,
        "nDCG@3": 0.5,
        "P@5": 0.2,
        "nDCG@5": 0.5,
        "P@10": 0.1,
        "nDCG@10": 0.5,
        "RAE@5": 0.0
      },
      "ranked": [
        [
          456,
          1.4272239208221436
        ],
        [
          455,
          1.3147854804992676
        ],
        [
          1,
          -1.1734038591384888
        ],
        [
          49,
          -1.1734038591384888
        ],
        [
          91,
          -1.1734038591384888
        ]
      ]
    },
    {
      "query": "What are the benefits of container orchestration in microservices architecture?",
      "metrics": {
        "P@3": 0.3333333333333333,
        "nDCG@3": 0.5,
        "P@5": 0.4,
        "nDCG@5": 0.5706417189553201,
        "P@10": 0.2,
        "nDCG@10": 0.5706417189553201,
        "RAE@5": 0.0
      },
      "ranked": [
        [
          559,
          1.6658564805984497
        ],
        [
          422,
          0.5801236629486084
        ],
        [
          397,
          0.36973264813423157
        ],
        [
          9,
          -0.8317886590957642
        ],
        [
          480,
          -3.8419036865234375
        ]
      ]
    },
    {
      "query": "How does Infrastructure as Code relate to dynamic configuration?",
      "metrics": {
        "P@3": 0.0,
        "nDCG@3": 0.0,
        "P@5": 0.0,
        "nDCG@5": 0.0,
        "P@10": 0.0,
        "nDCG@10": 0.0,
        "RAE@5": 0.0
      },
      "ranked": [
        [
          387,
          4.146659851074219
        ],
        [
          478,
          4.009850025177002
        ],
        [
          354,
          3.4098169803619385
        ],
        [
          405,
          0.46293172240257263
        ],
        [
          47,
          -0.7781332731246948
        ]
      ]
    },
    {
      "query": "Implementing automated monitoring and logging for distributed systems",
      "metrics": {
        "P@3": 0.3333333333333333,
        "nDCG@3": 1.0,
        "P@5": 0.2,
        "nDCG@5": 1.0,
        "P@10": 0.1,
        "nDCG@10": 1.0,
        "RAE@5": 0.0
      },
      "ranked": [
        [
          8,
          2.3582324981689453
        ],
        [
          290,
          0.5610620975494385
        ],
        [
          587,
          0.2727210521697998
        ],
        [
          548,
          0.24405597150325775
        ],
        [
          390,
          -0.16332654654979706
        ]
      ]
    },
    {
      "query": "DevOps pipeline automation and service mesh integration",
      "metrics": {
        "P@3": 0.3333333333333333,
        "nDCG@3": 0.6309297535714574,
        "P@5": 0.2,
        "nDCG@5": 0.6309297535714574,
        "P@10": 0.1,
        "nDCG@10": 0.6309297535714574,
        "RAE@5": 0.0
      },
      "ranked": [
        [
          311,
          3.6069464683532715
        ],
        [
          10,
          3.1130895614624023
        ],
        [
          271,
          0.5608994364738464
        ],
        [
          32,
          -0.21481680870056152
        ],
        [
          395,
          -0.5067108273506165
        ]
      ]
    },
    {
      "query": "What is the relationship between BizDevOps and business microservices?",
      "metrics": {
        "P@3": 0.3333333333333333,
        "nDCG@3": 0.6309297535714574,
        "P@5": 0.2,
        "nDCG@5": 0.6309297535714574,
        "P@10": 0.1,
        "nDCG@10": 0.6309297535714574,
        "RAE@5": 0.0
      },
      "ranked": [
        [
          212,
          -1.8594475984573364
        ],
        [
          0,
          -1.9959821701049805
        ],
        [
          437,
          -3.751560926437378
        ],
        [
          568,
          -5.69026517868042
        ],
        [
          461,
          -6.955806732177734
        ]
      ]
    },
    {
      "query": "Automated testing strategies for service granularity",
      "metrics": {
        "P@3": 0.0,
        "nDCG@3": 0.0,
        "P@5": 0.0,
        "nDCG@5": 0.0,
        "P@10": 0.0,
        "nDCG@10": 0.0,
        "RAE@5": 0.0
      },
      "ranked": [
        [
          162,
          -2.2162463665008545
        ],
        [
          580,
          -2.5337767601013184
        ],
        [
          374,
          -2.7080280780792236
        ],
        [
          382,
          -2.741511344909668
        ],
        [
          229,
          -2.871150016784668
        ]
      ]
    },
    {
      "query": "Securing microservice deployments with DevSecOps",
      "metrics": {
        "P@3": 0.3333333333333333,
        "nDCG@3": 1.0,
        "P@5": 0.2,
        "nDCG@5": 1.0,
        "P@10": 0.1,
        "nDCG@10": 1.0,
        "RAE@5": 0.0
      },
      "ranked": [
        [
          459,
          6.809149265289307
        ],
        [
          377,
          1.057304859161377
        ],
        [
          176,
          -1.4418179988861084
        ],
        [
          188,
          -1.8276636600494385
        ],
        [
          94,
          -1.9758002758026123
        ]
      ]
    },
    {
      "query": "How to handle database migrations in a CI/CD pipeline for MSA?",
      "metrics": {
        "P@3": 0.0,
        "nDCG@3": 0.0,
        "P@5": 0.0,
        "nDCG@5": 0.0,
        "P@10": 0.0,
        "nDCG@10": 0.0,
        "RAE@5": 0.0
      },
      "ranked": [
        [
          136,
          -1.2667193412780762
        ],
        [
          75,
          -2.4444997310638428
        ],
        [
          11,
          -2.7719550132751465
        ],
        [
          203,
          -2.7719550132751465
        ],
        [
          39,
          -2.774887800216675
        ]
      ]
    },
    {
      "query": "Mapping observability to runtime diagnostics",
      "metrics": {
        "P@3": 0.0,
        "nDCG@3": 0.0,
        "P@5": 0.0,
        "nDCG@5": 0.0,
        "P@10": 0.0,
        "nDCG@10": 0.0,
        "RAE@5": 0.0
      },
      "ranked": [
        [
          223,
          -3.546415328979492
        ],
        [
          126,
          -3.546415328979492
        ],
        [
          181,
          -3.8563427925109863
        ],
        [
          142,
          -4.112186431884766
        ],
        [
          333,
          -4.255851745605469
        ]
      ]
    },
    {
      "query": "System scaling and modularization query",
      "metrics": {
        "P@3": 0.0,
        "nDCG@3": 0.0,
        "P@5": 0.0,
        "nDCG@5": 0.0,
        "P@10": 0.0,
        "nDCG@10": 0.0,
        "RAE@5": 0.0
      },
      "ranked": [
        [
          547,
          -2.7207982540130615
        ],
        [
          509,
          -3.8118371963500977
        ],
        [
          583,
          -4.158557415008545
        ],
        [
          193,
          -4.2236247062683105
        ],
        [
          424,
          -4.571015357971191
        ]
      ]
    }
  ]
}